Party;value;EF
FRK;-0.03176402377948;0.116468087191427
LVA;0.1812612069903;-0.6646244256311
POL;0.0475032473686;-0.174178573684867
SVN;0.2632;-0.965066666666667
SWE;-0.00983069098073;0.0360458669293433
